,FC,labels,setting
0,0.251178556,modT-2 trend,0.1
1,0.251178556,modT-2 trend,0.1
2,0.254609222,modT-2 trend,0.1
3,0.254385556,modT-2 trend,0.1
4,0.255443222,modT-2 trend,0.1
5,0.254618556,modT-2 trend,0.1
6,0.255268778,modT-2 trend,0.1
7,0.256733333,modT-2 trend,0.1
8,0.256451333,modT-2 trend,0.1
9,0.258088556,modT-2 trend,0.1
10,0.257959778,modT-2 trend,0.1
11,0.258117111,modT-2 trend,0.1
12,0.258117111,modT-2 trend,0.1
13,0.258117111,modT-2 trend,0.1
14,0.259026,modT-2 trend,0.1
15,0.258257556,modT-2 trend,0.1
16,0.259152222,modT-2 trend,0.1
17,0.257199778,modT-2 trend,0.1
18,0.257714889,modT-2 trend,0.1
19,0.257603,modT-2 trend,0.1
20,0.258628778,modT-2 trend,0.1
21,0.256231222,modT-2 trend,0.1
22,0.256601,modT-2 trend,0.1
23,0.257345444,modT-2 trend,0.1
24,0.256306222,modT-2 trend,0.1
25,0.256346111,modT-2 trend,0.1
26,0.255891667,modT-2 trend,0.1
27,0.255902222,modT-2 trend,0.1
28,0.255902222,modT-2 trend,0.1
29,0.256548,modT-2 trend,0.1
30,0.256779222,modT-2 trend,0.1
31,0.259176889,modT-2 trend,0.1
32,0.259176889,modT-2 trend,0.1
33,0.256010444,modT-2 trend,0.1
34,0.256786,modT-2 trend,0.1
35,0.257144111,modT-2 trend,0.1
36,0.256767111,modT-2 trend,0.1
37,0.258735889,modT-2 trend,0.1
38,0.258226667,modT-2 trend,0.1
39,0.258830556,modT-2 trend,0.1
40,0.259507667,modT-2 trend,0.1
41,0.259507667,modT-2 trend,0.1
42,0.256688222,modT-2 trend,0.1
43,0.254182333,modT-2 trend,0.1
44,0.254858556,modT-2 trend,0.1
45,0.255702889,modT-2 trend,0.1
46,0.257023556,modT-2 trend,0.1
47,0.255549778,modT-2 trend,0.1
48,0.254916556,modT-2 trend,0.1
49,0.256325,modT-2 trend,0.1
50,0.516253222,modT-2 trend,0.2
51,0.514504667,modT-2 trend,0.2
52,0.515544556,modT-2 trend,0.2
53,0.514953556,modT-2 trend,0.2
54,0.514207889,modT-2 trend,0.2
55,0.514786333,modT-2 trend,0.2
56,0.515654667,modT-2 trend,0.2
57,0.514596778,modT-2 trend,0.2
58,0.514265444,modT-2 trend,0.2
59,0.51397,modT-2 trend,0.2
60,0.512186778,modT-2 trend,0.2
61,0.512749778,modT-2 trend,0.2
62,0.512749778,modT-2 trend,0.2
63,0.513318889,modT-2 trend,0.2
64,0.514623778,modT-2 trend,0.2
65,0.514927,modT-2 trend,0.2
66,0.516231556,modT-2 trend,0.2
67,0.514675111,modT-2 trend,0.2
68,0.514514222,modT-2 trend,0.2
69,0.513412778,modT-2 trend,0.2
70,0.513412778,modT-2 trend,0.2
71,0.514515667,modT-2 trend,0.2
72,0.514957778,modT-2 trend,0.2
73,0.515145556,modT-2 trend,0.2
74,0.515918556,modT-2 trend,0.2
75,0.514210889,modT-2 trend,0.2
76,0.514442222,modT-2 trend,0.2
77,0.514146222,modT-2 trend,0.2
78,0.513655667,modT-2 trend,0.2
79,0.513100222,modT-2 trend,0.2
80,0.513100222,modT-2 trend,0.2
81,0.516530889,modT-2 trend,0.2
82,0.516530889,modT-2 trend,0.2
83,0.512702333,modT-2 trend,0.2
84,0.511006111,modT-2 trend,0.2
85,0.513298222,modT-2 trend,0.2
86,0.513549333,modT-2 trend,0.2
87,0.514767667,modT-2 trend,0.2
88,0.514358222,modT-2 trend,0.2
89,0.514358222,modT-2 trend,0.2
90,0.513805,modT-2 trend,0.2
91,0.515695222,modT-2 trend,0.2
92,0.514010444,modT-2 trend,0.2
93,0.513502444,modT-2 trend,0.2
94,0.512224222,modT-2 trend,0.2
95,0.513628222,modT-2 trend,0.2
96,0.512817778,modT-2 trend,0.2
97,0.513180778,modT-2 trend,0.2
98,0.514762889,modT-2 trend,0.2
99,0.513701222,modT-2 trend,0.2
100,0.751636222,modT-2 trend,0.3
101,0.761985111,modT-2 trend,0.3
102,0.764542556,modT-2 trend,0.3
103,0.764542556,modT-2 trend,0.3
104,0.766789889,modT-2 trend,0.3
105,0.769194111,modT-2 trend,0.3
106,0.768965889,modT-2 trend,0.3
107,0.768965889,modT-2 trend,0.3
108,0.771273444,modT-2 trend,0.3
109,0.772386,modT-2 trend,0.3
110,0.772506444,modT-2 trend,0.3
111,0.771451667,modT-2 trend,0.3
112,0.772970667,modT-2 trend,0.3
113,0.772970667,modT-2 trend,0.3
114,0.771940333,modT-2 trend,0.3
115,0.770755222,modT-2 trend,0.3
116,0.770286,modT-2 trend,0.3
117,0.770286,modT-2 trend,0.3
118,0.770442556,modT-2 trend,0.3
119,0.769337,modT-2 trend,0.3
120,0.768751222,modT-2 trend,0.3
121,0.770337778,modT-2 trend,0.3
122,0.771039778,modT-2 trend,0.3
123,0.772150889,modT-2 trend,0.3
124,0.772150889,modT-2 trend,0.3
125,0.772326111,modT-2 trend,0.3
126,0.768164333,modT-2 trend,0.3
127,0.770962333,modT-2 trend,0.3
128,0.770351222,modT-2 trend,0.3
129,0.771367778,modT-2 trend,0.3
130,0.771367778,modT-2 trend,0.3
131,0.771367778,modT-2 trend,0.3
132,0.769285111,modT-2 trend,0.3
133,0.767480111,modT-2 trend,0.3
134,0.766793444,modT-2 trend,0.3
135,0.768714333,modT-2 trend,0.3
136,0.769938222,modT-2 trend,0.3
137,0.770559111,modT-2 trend,0.3
138,0.769992222,modT-2 trend,0.3
139,0.768738222,modT-2 trend,0.3
140,0.77087,modT-2 trend,0.3
141,0.769665667,modT-2 trend,0.3
142,0.771254556,modT-2 trend,0.3
143,0.771254556,modT-2 trend,0.3
144,0.770342,modT-2 trend,0.3
145,0.772401333,modT-2 trend,0.3
146,0.769473,modT-2 trend,0.3
147,0.771496889,modT-2 trend,0.3
148,0.771969111,modT-2 trend,0.3
149,0.770971889,modT-2 trend,0.3
150,1.009120778,modT-2 trend,0.4
151,1.013754111,modT-2 trend,0.4
152,1.019768111,modT-2 trend,0.4
153,1.022045333,modT-2 trend,0.4
154,1.023972222,modT-2 trend,0.4
155,1.024348778,modT-2 trend,0.4
156,1.024348778,modT-2 trend,0.4
157,1.024348778,modT-2 trend,0.4
158,1.024348778,modT-2 trend,0.4
159,1.027360222,modT-2 trend,0.4
160,1.027595778,modT-2 trend,0.4
161,1.024539444,modT-2 trend,0.4
162,1.024539444,modT-2 trend,0.4
163,1.028402667,modT-2 trend,0.4
164,1.027814778,modT-2 trend,0.4
165,1.026978,modT-2 trend,0.4
166,1.029134222,modT-2 trend,0.4
167,1.029134222,modT-2 trend,0.4
168,1.029458556,modT-2 trend,0.4
169,1.029636444,modT-2 trend,0.4
170,1.029430778,modT-2 trend,0.4
171,1.030679111,modT-2 trend,0.4
172,1.025724111,modT-2 trend,0.4
173,1.028244444,modT-2 trend,0.4
174,1.025789222,modT-2 trend,0.4
175,1.023296111,modT-2 trend,0.4
176,1.023076444,modT-2 trend,0.4
177,1.025046111,modT-2 trend,0.4
178,1.026240778,modT-2 trend,0.4
179,1.024877778,modT-2 trend,0.4
180,1.024645889,modT-2 trend,0.4
181,1.025509333,modT-2 trend,0.4
182,1.025509333,modT-2 trend,0.4
183,1.024899222,modT-2 trend,0.4
184,1.025411111,modT-2 trend,0.4
185,1.023168333,modT-2 trend,0.4
186,1.026953,modT-2 trend,0.4
187,1.025019889,modT-2 trend,0.4
188,1.024753333,modT-2 trend,0.4
189,1.024753333,modT-2 trend,0.4
190,1.030947444,modT-2 trend,0.4
191,1.030655889,modT-2 trend,0.4
192,1.034831111,modT-2 trend,0.4
193,1.033993667,modT-2 trend,0.4
194,1.033459667,modT-2 trend,0.4
195,1.033459667,modT-2 trend,0.4
196,1.031875667,modT-2 trend,0.4
197,1.031875667,modT-2 trend,0.4
198,1.029762111,modT-2 trend,0.4
199,1.029508111,modT-2 trend,0.4
200,1.263468,modT-2 trend,0.5
201,1.265247111,modT-2 trend,0.5
202,1.266790111,modT-2 trend,0.5
203,1.271880111,modT-2 trend,0.5
204,1.275349111,modT-2 trend,0.5
205,1.283422889,modT-2 trend,0.5
206,1.282943111,modT-2 trend,0.5
207,1.284576556,modT-2 trend,0.5
208,1.282909222,modT-2 trend,0.5
209,1.282909222,modT-2 trend,0.5
210,1.283212444,modT-2 trend,0.5
211,1.283439111,modT-2 trend,0.5
212,1.282716,modT-2 trend,0.5
213,1.283597444,modT-2 trend,0.5
214,1.284061667,modT-2 trend,0.5
215,1.284061667,modT-2 trend,0.5
216,1.284336556,modT-2 trend,0.5
217,1.284863556,modT-2 trend,0.5
218,1.286950778,modT-2 trend,0.5
219,1.286718444,modT-2 trend,0.5
220,1.286403778,modT-2 trend,0.5
221,1.286403778,modT-2 trend,0.5
222,1.286478556,modT-2 trend,0.5
223,1.285609667,modT-2 trend,0.5
224,1.284572778,modT-2 trend,0.5
225,1.284572778,modT-2 trend,0.5
226,1.284572778,modT-2 trend,0.5
227,1.283577556,modT-2 trend,0.5
228,1.283577556,modT-2 trend,0.5
229,1.283043556,modT-2 trend,0.5
230,1.284788667,modT-2 trend,0.5
231,1.283605333,modT-2 trend,0.5
232,1.286952778,modT-2 trend,0.5
233,1.285571333,modT-2 trend,0.5
234,1.284505444,modT-2 trend,0.5
235,1.284114667,modT-2 trend,0.5
236,1.284114667,modT-2 trend,0.5
237,1.288171222,modT-2 trend,0.5
238,1.285271889,modT-2 trend,0.5
239,1.285650556,modT-2 trend,0.5
240,1.285650556,modT-2 trend,0.5
241,1.284284,modT-2 trend,0.5
242,1.284736333,modT-2 trend,0.5
243,1.285331556,modT-2 trend,0.5
244,1.285950667,modT-2 trend,0.5
245,1.285950667,modT-2 trend,0.5
246,1.284578778,modT-2 trend,0.5
247,1.284578778,modT-2 trend,0.5
248,1.284172333,modT-2 trend,0.5
249,1.285004444,modT-2 trend,0.5
250,1.512887778,modT-2 trend,0.6
251,1.512444111,modT-2 trend,0.6
252,1.515181333,modT-2 trend,0.6
253,1.521538,modT-2 trend,0.6
254,1.527466444,modT-2 trend,0.6
255,1.527466444,modT-2 trend,0.6
256,1.529031889,modT-2 trend,0.6
257,1.529031889,modT-2 trend,0.6
258,1.532637778,modT-2 trend,0.6
259,1.533652889,modT-2 trend,0.6
260,1.536303889,modT-2 trend,0.6
261,1.536556778,modT-2 trend,0.6
262,1.536556778,modT-2 trend,0.6
263,1.538877111,modT-2 trend,0.6
264,1.538552333,modT-2 trend,0.6
265,1.539264556,modT-2 trend,0.6
266,1.538669667,modT-2 trend,0.6
267,1.538072444,modT-2 trend,0.6
268,1.537600778,modT-2 trend,0.6
269,1.537150222,modT-2 trend,0.6
270,1.538385556,modT-2 trend,0.6
271,1.538355,modT-2 trend,0.6
272,1.537379778,modT-2 trend,0.6
273,1.540244,modT-2 trend,0.6
274,1.539286778,modT-2 trend,0.6
275,1.538751333,modT-2 trend,0.6
276,1.539192333,modT-2 trend,0.6
277,1.540357222,modT-2 trend,0.6
278,1.540701111,modT-2 trend,0.6
279,1.540701111,modT-2 trend,0.6
280,1.539538556,modT-2 trend,0.6
281,1.538280444,modT-2 trend,0.6
282,1.540372556,modT-2 trend,0.6
283,1.540372556,modT-2 trend,0.6
284,1.540451556,modT-2 trend,0.6
285,1.540122111,modT-2 trend,0.6
286,1.539586444,modT-2 trend,0.6
287,1.538977,modT-2 trend,0.6
288,1.538977,modT-2 trend,0.6
289,1.538977,modT-2 trend,0.6
290,1.539171333,modT-2 trend,0.6
291,1.541984667,modT-2 trend,0.6
292,1.541197778,modT-2 trend,0.6
293,1.541571333,modT-2 trend,0.6
294,1.544500111,modT-2 trend,0.6
295,1.544784889,modT-2 trend,0.6
296,1.542275667,modT-2 trend,0.6
297,1.543754667,modT-2 trend,0.6
298,1.542030333,modT-2 trend,0.6
299,1.540746556,modT-2 trend,0.6
300,1.759290889,modT-2 trend,0.7
301,1.762692,modT-2 trend,0.7
302,1.762692,modT-2 trend,0.7
303,1.771258667,modT-2 trend,0.7
304,1.774625667,modT-2 trend,0.7
305,1.783641667,modT-2 trend,0.7
306,1.787855444,modT-2 trend,0.7
307,1.787648222,modT-2 trend,0.7
308,1.788490667,modT-2 trend,0.7
309,1.790225333,modT-2 trend,0.7
310,1.790982556,modT-2 trend,0.7
311,1.792609111,modT-2 trend,0.7
312,1.793452111,modT-2 trend,0.7
313,1.791759111,modT-2 trend,0.7
314,1.791184889,modT-2 trend,0.7
315,1.791184889,modT-2 trend,0.7
316,1.791259778,modT-2 trend,0.7
317,1.791259778,modT-2 trend,0.7
318,1.788799556,modT-2 trend,0.7
319,1.788799556,modT-2 trend,0.7
320,1.788338333,modT-2 trend,0.7
321,1.787749778,modT-2 trend,0.7
322,1.789648,modT-2 trend,0.7
323,1.791892111,modT-2 trend,0.7
324,1.791187667,modT-2 trend,0.7
325,1.791187667,modT-2 trend,0.7
326,1.787595778,modT-2 trend,0.7
327,1.788075111,modT-2 trend,0.7
328,1.788360889,modT-2 trend,0.7
329,1.789673,modT-2 trend,0.7
330,1.792932778,modT-2 trend,0.7
331,1.793157,modT-2 trend,0.7
332,1.801269333,modT-2 trend,0.7
333,1.801269333,modT-2 trend,0.7
334,1.801069778,modT-2 trend,0.7
335,1.802174778,modT-2 trend,0.7
336,1.801026,modT-2 trend,0.7
337,1.801519333,modT-2 trend,0.7
338,1.800411556,modT-2 trend,0.7
339,1.801708778,modT-2 trend,0.7
340,1.802599333,modT-2 trend,0.7
341,1.801647556,modT-2 trend,0.7
342,1.800490889,modT-2 trend,0.7
343,1.799401333,modT-2 trend,0.7
344,1.797355667,modT-2 trend,0.7
345,1.797060889,modT-2 trend,0.7
346,1.798618556,modT-2 trend,0.7
347,1.799364,modT-2 trend,0.7
348,1.799364,modT-2 trend,0.7
349,1.799097222,modT-2 trend,0.7
350,1.992304222,modT-2 trend,0.8
351,2.012612222,modT-2 trend,0.8
352,2.026062111,modT-2 trend,0.8
353,2.027548111,modT-2 trend,0.8
354,2.033025556,modT-2 trend,0.8
355,2.038634889,modT-2 trend,0.8
356,2.038634889,modT-2 trend,0.8
357,2.041899889,modT-2 trend,0.8
358,2.042188444,modT-2 trend,0.8
359,2.042188444,modT-2 trend,0.8
360,2.042188444,modT-2 trend,0.8
361,2.043243111,modT-2 trend,0.8
362,2.045478222,modT-2 trend,0.8
363,2.045240778,modT-2 trend,0.8
364,2.048379444,modT-2 trend,0.8
365,2.048379444,modT-2 trend,0.8
366,2.048379444,modT-2 trend,0.8
367,2.046923778,modT-2 trend,0.8
368,2.045931222,modT-2 trend,0.8
369,2.045931222,modT-2 trend,0.8
370,2.055259111,modT-2 trend,0.8
371,2.049018778,modT-2 trend,0.8
372,2.048278333,modT-2 trend,0.8
373,2.048570333,modT-2 trend,0.8
374,2.048570333,modT-2 trend,0.8
375,2.049489333,modT-2 trend,0.8
376,2.050853,modT-2 trend,0.8
377,2.051358667,modT-2 trend,0.8
378,2.051312667,modT-2 trend,0.8
379,2.050584333,modT-2 trend,0.8
380,2.049122222,modT-2 trend,0.8
381,2.049122222,modT-2 trend,0.8
382,2.051527333,modT-2 trend,0.8
383,2.050790556,modT-2 trend,0.8
384,2.050790556,modT-2 trend,0.8
385,2.050790556,modT-2 trend,0.8
386,2.051354222,modT-2 trend,0.8
387,2.050786667,modT-2 trend,0.8
388,2.048996778,modT-2 trend,0.8
389,2.047693889,modT-2 trend,0.8
390,2.046672444,modT-2 trend,0.8
391,2.048753,modT-2 trend,0.8
392,2.050224333,modT-2 trend,0.8
393,2.049709444,modT-2 trend,0.8
394,2.051120111,modT-2 trend,0.8
395,2.052042889,modT-2 trend,0.8
396,2.052858889,modT-2 trend,0.8
397,2.052858889,modT-2 trend,0.8
398,2.051952,modT-2 trend,0.8
399,2.050762222,modT-2 trend,0.8
400,2.234541444,modT-2 trend,0.9
401,2.253187111,modT-2 trend,0.9
402,2.257909333,modT-2 trend,0.9
403,2.261503333,modT-2 trend,0.9
404,2.264345778,modT-2 trend,0.9
405,2.291696,modT-2 trend,0.9
406,2.298989444,modT-2 trend,0.9
407,2.298014111,modT-2 trend,0.9
408,2.298014111,modT-2 trend,0.9
409,2.303648111,modT-2 trend,0.9
410,2.307847222,modT-2 trend,0.9
411,2.306818,modT-2 trend,0.9
412,2.311024111,modT-2 trend,0.9
413,2.311899222,modT-2 trend,0.9
414,2.312949667,modT-2 trend,0.9
415,2.315702222,modT-2 trend,0.9
416,2.316011222,modT-2 trend,0.9
417,2.315119111,modT-2 trend,0.9
418,2.315197333,modT-2 trend,0.9
419,2.315197333,modT-2 trend,0.9
420,2.310655333,modT-2 trend,0.9
421,2.309760556,modT-2 trend,0.9
422,2.309710889,modT-2 trend,0.9
423,2.310456889,modT-2 trend,0.9
424,2.311758667,modT-2 trend,0.9
425,2.311758667,modT-2 trend,0.9
426,2.315111,modT-2 trend,0.9
427,2.314680889,modT-2 trend,0.9
428,2.312888667,modT-2 trend,0.9
429,2.313435111,modT-2 trend,0.9
430,2.313326556,modT-2 trend,0.9
431,2.313218444,modT-2 trend,0.9
432,2.311620889,modT-2 trend,0.9
433,2.308745556,modT-2 trend,0.9
434,2.309962,modT-2 trend,0.9
435,2.312848444,modT-2 trend,0.9
436,2.316796778,modT-2 trend,0.9
437,2.318852,modT-2 trend,0.9
438,2.317419778,modT-2 trend,0.9
439,2.316732556,modT-2 trend,0.9
440,2.316558889,modT-2 trend,0.9
441,2.316558889,modT-2 trend,0.9
442,2.314323444,modT-2 trend,0.9
443,2.31361,modT-2 trend,0.9
444,2.314591,modT-2 trend,0.9
445,2.315582889,modT-2 trend,0.9
446,2.315582889,modT-2 trend,0.9
447,2.313554889,modT-2 trend,0.9
448,2.311837,modT-2 trend,0.9
449,2.312598889,modT-2 trend,0.9
450,,modT-2 trend,1
451,,modT-2 trend,1
452,,modT-2 trend,1
453,,modT-2 trend,1
454,,modT-2 trend,1
455,,modT-2 trend,1
456,,modT-2 trend,1
457,,modT-2 trend,1
458,,modT-2 trend,1
459,,modT-2 trend,1
460,,modT-2 trend,1
461,,modT-2 trend,1
462,,modT-2 trend,1
463,,modT-2 trend,1
464,,modT-2 trend,1
465,,modT-2 trend,1
466,,modT-2 trend,1
467,,modT-2 trend,1
468,,modT-2 trend,1
469,,modT-2 trend,1
470,,modT-2 trend,1
471,,modT-2 trend,1
472,,modT-2 trend,1
473,,modT-2 trend,1
474,,modT-2 trend,1
475,,modT-2 trend,1
476,,modT-2 trend,1
477,,modT-2 trend,1
478,,modT-2 trend,1
479,,modT-2 trend,1
480,,modT-2 trend,1
481,,modT-2 trend,1
482,,modT-2 trend,1
483,,modT-2 trend,1
484,,modT-2 trend,1
485,,modT-2 trend,1
486,,modT-2 trend,1
487,,modT-2 trend,1
488,,modT-2 trend,1
489,,modT-2 trend,1
490,,modT-2 trend,1
491,,modT-2 trend,1
492,,modT-2 trend,1
493,,modT-2 trend,1
494,,modT-2 trend,1
495,,modT-2 trend,1
496,,modT-2 trend,1
497,,modT-2 trend,1
498,,modT-2 trend,1
499,,modT-2 trend,1
500,,modT-2 trend,1.1
501,,modT-2 trend,1.1
502,,modT-2 trend,1.1
503,,modT-2 trend,1.1
504,,modT-2 trend,1.1
505,,modT-2 trend,1.1
506,,modT-2 trend,1.1
507,,modT-2 trend,1.1
508,,modT-2 trend,1.1
509,,modT-2 trend,1.1
510,,modT-2 trend,1.1
511,,modT-2 trend,1.1
512,,modT-2 trend,1.1
513,,modT-2 trend,1.1
514,,modT-2 trend,1.1
515,,modT-2 trend,1.1
516,,modT-2 trend,1.1
517,,modT-2 trend,1.1
518,,modT-2 trend,1.1
519,,modT-2 trend,1.1
520,,modT-2 trend,1.1
521,,modT-2 trend,1.1
522,,modT-2 trend,1.1
523,,modT-2 trend,1.1
524,,modT-2 trend,1.1
525,,modT-2 trend,1.1
526,,modT-2 trend,1.1
527,,modT-2 trend,1.1
528,,modT-2 trend,1.1
529,,modT-2 trend,1.1
530,,modT-2 trend,1.1
531,,modT-2 trend,1.1
532,,modT-2 trend,1.1
533,,modT-2 trend,1.1
534,,modT-2 trend,1.1
535,,modT-2 trend,1.1
536,,modT-2 trend,1.1
537,,modT-2 trend,1.1
538,,modT-2 trend,1.1
539,,modT-2 trend,1.1
540,,modT-2 trend,1.1
541,,modT-2 trend,1.1
542,,modT-2 trend,1.1
543,,modT-2 trend,1.1
544,,modT-2 trend,1.1
545,,modT-2 trend,1.1
546,,modT-2 trend,1.1
547,,modT-2 trend,1.1
548,,modT-2 trend,1.1
549,,modT-2 trend,1.1
550,,modT-2 trend,1.2
551,,modT-2 trend,1.2
552,,modT-2 trend,1.2
553,,modT-2 trend,1.2
554,,modT-2 trend,1.2
555,,modT-2 trend,1.2
556,,modT-2 trend,1.2
557,,modT-2 trend,1.2
558,,modT-2 trend,1.2
559,,modT-2 trend,1.2
560,,modT-2 trend,1.2
561,,modT-2 trend,1.2
562,,modT-2 trend,1.2
563,,modT-2 trend,1.2
564,,modT-2 trend,1.2
565,,modT-2 trend,1.2
566,,modT-2 trend,1.2
567,,modT-2 trend,1.2
568,,modT-2 trend,1.2
569,,modT-2 trend,1.2
570,,modT-2 trend,1.2
571,,modT-2 trend,1.2
572,,modT-2 trend,1.2
573,,modT-2 trend,1.2
574,,modT-2 trend,1.2
575,,modT-2 trend,1.2
576,,modT-2 trend,1.2
577,,modT-2 trend,1.2
578,,modT-2 trend,1.2
579,,modT-2 trend,1.2
580,,modT-2 trend,1.2
581,,modT-2 trend,1.2
582,,modT-2 trend,1.2
583,,modT-2 trend,1.2
584,,modT-2 trend,1.2
585,,modT-2 trend,1.2
586,,modT-2 trend,1.2
587,,modT-2 trend,1.2
588,,modT-2 trend,1.2
589,,modT-2 trend,1.2
590,,modT-2 trend,1.2
591,,modT-2 trend,1.2
592,,modT-2 trend,1.2
593,,modT-2 trend,1.2
594,,modT-2 trend,1.2
595,,modT-2 trend,1.2
596,,modT-2 trend,1.2
597,,modT-2 trend,1.2
598,,modT-2 trend,1.2
599,,modT-2 trend,1.2
600,,modT-2 trend,1.3
601,,modT-2 trend,1.3
602,,modT-2 trend,1.3
603,,modT-2 trend,1.3
604,,modT-2 trend,1.3
605,,modT-2 trend,1.3
606,,modT-2 trend,1.3
607,,modT-2 trend,1.3
608,,modT-2 trend,1.3
609,,modT-2 trend,1.3
610,,modT-2 trend,1.3
611,,modT-2 trend,1.3
612,,modT-2 trend,1.3
613,,modT-2 trend,1.3
614,,modT-2 trend,1.3
615,,modT-2 trend,1.3
616,,modT-2 trend,1.3
617,,modT-2 trend,1.3
618,,modT-2 trend,1.3
619,,modT-2 trend,1.3
620,,modT-2 trend,1.3
621,,modT-2 trend,1.3
622,,modT-2 trend,1.3
623,,modT-2 trend,1.3
624,,modT-2 trend,1.3
625,,modT-2 trend,1.3
626,,modT-2 trend,1.3
627,,modT-2 trend,1.3
628,,modT-2 trend,1.3
629,,modT-2 trend,1.3
630,,modT-2 trend,1.3
631,,modT-2 trend,1.3
632,,modT-2 trend,1.3
633,,modT-2 trend,1.3
634,,modT-2 trend,1.3
635,,modT-2 trend,1.3
636,,modT-2 trend,1.3
637,,modT-2 trend,1.3
638,,modT-2 trend,1.3
639,,modT-2 trend,1.3
640,,modT-2 trend,1.3
641,,modT-2 trend,1.3
642,,modT-2 trend,1.3
643,,modT-2 trend,1.3
644,,modT-2 trend,1.3
645,,modT-2 trend,1.3
646,,modT-2 trend,1.3
647,,modT-2 trend,1.3
648,,modT-2 trend,1.3
649,,modT-2 trend,1.3
650,,modT-2 trend,1.4
651,,modT-2 trend,1.4
652,,modT-2 trend,1.4
653,,modT-2 trend,1.4
654,,modT-2 trend,1.4
655,,modT-2 trend,1.4
656,,modT-2 trend,1.4
657,,modT-2 trend,1.4
658,,modT-2 trend,1.4
659,,modT-2 trend,1.4
660,,modT-2 trend,1.4
661,,modT-2 trend,1.4
662,,modT-2 trend,1.4
663,,modT-2 trend,1.4
664,,modT-2 trend,1.4
665,,modT-2 trend,1.4
666,,modT-2 trend,1.4
667,,modT-2 trend,1.4
668,,modT-2 trend,1.4
669,,modT-2 trend,1.4
670,,modT-2 trend,1.4
671,,modT-2 trend,1.4
672,,modT-2 trend,1.4
673,,modT-2 trend,1.4
674,,modT-2 trend,1.4
675,,modT-2 trend,1.4
676,,modT-2 trend,1.4
677,,modT-2 trend,1.4
678,,modT-2 trend,1.4
679,,modT-2 trend,1.4
680,,modT-2 trend,1.4
681,,modT-2 trend,1.4
682,,modT-2 trend,1.4
683,,modT-2 trend,1.4
684,,modT-2 trend,1.4
685,,modT-2 trend,1.4
686,,modT-2 trend,1.4
687,,modT-2 trend,1.4
688,,modT-2 trend,1.4
689,,modT-2 trend,1.4
690,,modT-2 trend,1.4
691,,modT-2 trend,1.4
692,,modT-2 trend,1.4
693,,modT-2 trend,1.4
694,,modT-2 trend,1.4
695,,modT-2 trend,1.4
696,,modT-2 trend,1.4
697,,modT-2 trend,1.4
698,,modT-2 trend,1.4
699,,modT-2 trend,1.4
700,,modT-2 trend,1.5
701,,modT-2 trend,1.5
702,,modT-2 trend,1.5
703,,modT-2 trend,1.5
704,,modT-2 trend,1.5
705,,modT-2 trend,1.5
706,,modT-2 trend,1.5
707,,modT-2 trend,1.5
708,,modT-2 trend,1.5
709,,modT-2 trend,1.5
710,,modT-2 trend,1.5
711,,modT-2 trend,1.5
712,,modT-2 trend,1.5
713,,modT-2 trend,1.5
714,,modT-2 trend,1.5
715,,modT-2 trend,1.5
716,,modT-2 trend,1.5
717,,modT-2 trend,1.5
718,,modT-2 trend,1.5
719,,modT-2 trend,1.5
720,,modT-2 trend,1.5
721,,modT-2 trend,1.5
722,,modT-2 trend,1.5
723,,modT-2 trend,1.5
724,,modT-2 trend,1.5
725,,modT-2 trend,1.5
726,,modT-2 trend,1.5
727,,modT-2 trend,1.5
728,,modT-2 trend,1.5
729,,modT-2 trend,1.5
730,,modT-2 trend,1.5
731,,modT-2 trend,1.5
732,,modT-2 trend,1.5
733,,modT-2 trend,1.5
734,,modT-2 trend,1.5
735,,modT-2 trend,1.5
736,,modT-2 trend,1.5
737,,modT-2 trend,1.5
738,,modT-2 trend,1.5
739,,modT-2 trend,1.5
740,,modT-2 trend,1.5
741,,modT-2 trend,1.5
742,,modT-2 trend,1.5
743,,modT-2 trend,1.5
744,,modT-2 trend,1.5
745,,modT-2 trend,1.5
746,,modT-2 trend,1.5
747,,modT-2 trend,1.5
748,,modT-2 trend,1.5
749,,modT-2 trend,1.5
750,0.251770778,RegT,0.1
751,0.254601111,RegT,0.1
752,0.254724111,RegT,0.1
753,0.255476333,RegT,0.1
754,0.255611333,RegT,0.1
755,0.256134111,RegT,0.1
756,0.256806333,RegT,0.1
757,0.257319889,RegT,0.1
758,0.257319889,RegT,0.1
759,0.257377111,RegT,0.1
760,0.256137667,RegT,0.1
761,0.255243222,RegT,0.1
762,0.257012667,RegT,0.1
763,0.256762778,RegT,0.1
764,0.255772111,RegT,0.1
765,0.255081889,RegT,0.1
766,0.255081889,RegT,0.1
767,0.256009333,RegT,0.1
768,0.256009333,RegT,0.1
769,0.254385333,RegT,0.1
770,0.255312889,RegT,0.1
771,0.257017556,RegT,0.1
772,0.254544333,RegT,0.1
773,0.255659333,RegT,0.1
774,0.255742111,RegT,0.1
775,0.256072556,RegT,0.1
776,0.256072556,RegT,0.1
777,0.254308889,RegT,0.1
778,0.254798111,RegT,0.1
779,0.254251556,RegT,0.1
780,0.25384,RegT,0.1
781,0.255615111,RegT,0.1
782,0.253912444,RegT,0.1
783,0.257572556,RegT,0.1
784,0.254845222,RegT,0.1
785,0.255709111,RegT,0.1
786,0.257097556,RegT,0.1
787,0.255397111,RegT,0.1
788,0.255572667,RegT,0.1
789,0.256551111,RegT,0.1
790,0.255892111,RegT,0.1
791,0.256914111,RegT,0.1
792,0.256914111,RegT,0.1
793,0.255507667,RegT,0.1
794,0.255507667,RegT,0.1
795,0.254702778,RegT,0.1
796,0.255792778,RegT,0.1
797,0.255013889,RegT,0.1
798,0.256238111,RegT,0.1
799,0.255008889,RegT,0.1
800,0.507496556,RegT,0.2
801,0.508705,RegT,0.2
802,0.508333889,RegT,0.2
803,0.508333889,RegT,0.2
804,0.508814444,RegT,0.2
805,0.509605556,RegT,0.2
806,0.509605556,RegT,0.2
807,0.510016444,RegT,0.2
808,0.509731333,RegT,0.2
809,0.509731333,RegT,0.2
810,0.508449,RegT,0.2
811,0.508493778,RegT,0.2
812,0.511130778,RegT,0.2
813,0.508479111,RegT,0.2
814,0.510408889,RegT,0.2
815,0.512891556,RegT,0.2
816,0.511082222,RegT,0.2
817,0.510586333,RegT,0.2
818,0.508761,RegT,0.2
819,0.509268111,RegT,0.2
820,0.511664889,RegT,0.2
821,0.511458667,RegT,0.2
822,0.511258333,RegT,0.2
823,0.511612444,RegT,0.2
824,0.511612444,RegT,0.2
825,0.513845222,RegT,0.2
826,0.511645889,RegT,0.2
827,0.511859556,RegT,0.2
828,0.509777556,RegT,0.2
829,0.508648444,RegT,0.2
830,0.508641111,RegT,0.2
831,0.509709,RegT,0.2
832,0.511263444,RegT,0.2
833,0.510304778,RegT,0.2
834,0.51138,RegT,0.2
835,0.512921667,RegT,0.2
836,0.512921667,RegT,0.2
837,0.512347222,RegT,0.2
838,0.510705222,RegT,0.2
839,0.510705222,RegT,0.2
840,0.510705222,RegT,0.2
841,0.509984111,RegT,0.2
842,0.510693222,RegT,0.2
843,0.511431,RegT,0.2
844,0.510842889,RegT,0.2
845,0.510933222,RegT,0.2
846,0.510518222,RegT,0.2
847,0.511147556,RegT,0.2
848,0.511907889,RegT,0.2
849,0.513254333,RegT,0.2
850,0.745852333,RegT,0.3
851,0.756895444,RegT,0.3
852,0.758830889,RegT,0.3
853,0.763763667,RegT,0.3
854,0.764162111,RegT,0.3
855,0.762872,RegT,0.3
856,0.762872,RegT,0.3
857,0.763579333,RegT,0.3
858,0.763579333,RegT,0.3
859,0.763100778,RegT,0.3
860,0.764329,RegT,0.3
861,0.765472222,RegT,0.3
862,0.764264667,RegT,0.3
863,0.764264667,RegT,0.3
864,0.764971778,RegT,0.3
865,0.766614556,RegT,0.3
866,0.765834333,RegT,0.3
867,0.765335667,RegT,0.3
868,0.765743667,RegT,0.3
869,0.768180222,RegT,0.3
870,0.769147444,RegT,0.3
871,0.770513556,RegT,0.3
872,0.770265111,RegT,0.3
873,0.768510556,RegT,0.3
874,0.767455,RegT,0.3
875,0.767145444,RegT,0.3
876,0.767372333,RegT,0.3
877,0.765587,RegT,0.3
878,0.766488,RegT,0.3
879,0.769598,RegT,0.3
880,0.770909667,RegT,0.3
881,0.770990444,RegT,0.3
882,0.771689889,RegT,0.3
883,0.771473667,RegT,0.3
884,0.77143,RegT,0.3
885,0.769847778,RegT,0.3
886,0.770098111,RegT,0.3
887,0.764628778,RegT,0.3
888,0.766345222,RegT,0.3
889,0.767288778,RegT,0.3
890,0.763194333,RegT,0.3
891,0.767019222,RegT,0.3
892,0.764380222,RegT,0.3
893,0.762551222,RegT,0.3
894,0.763296333,RegT,0.3
895,0.766631444,RegT,0.3
896,0.766631444,RegT,0.3
897,0.766261333,RegT,0.3
898,0.764690222,RegT,0.3
899,0.764690222,RegT,0.3
900,1.006147556,RegT,0.4
901,1.017836,RegT,0.4
902,1.018897889,RegT,0.4
903,1.018897889,RegT,0.4
904,1.016218,RegT,0.4
905,1.017299889,RegT,0.4
906,1.020976222,RegT,0.4
907,1.015891222,RegT,0.4
908,1.016905111,RegT,0.4
909,1.016559889,RegT,0.4
910,1.016559889,RegT,0.4
911,1.017189556,RegT,0.4
912,1.016327556,RegT,0.4
913,1.017041778,RegT,0.4
914,1.017414333,RegT,0.4
915,1.020454667,RegT,0.4
916,1.022466667,RegT,0.4
917,1.022797333,RegT,0.4
918,1.02376,RegT,0.4
919,1.022058667,RegT,0.4
920,1.023282333,RegT,0.4
921,1.024798556,RegT,0.4
922,1.024081556,RegT,0.4
923,1.025588556,RegT,0.4
924,1.025233778,RegT,0.4
925,1.024206111,RegT,0.4
926,1.024206111,RegT,0.4
927,1.024499444,RegT,0.4
928,1.023781111,RegT,0.4
929,1.022496556,RegT,0.4
930,1.025180222,RegT,0.4
931,1.025369667,RegT,0.4
932,1.025077,RegT,0.4
933,1.025060111,RegT,0.4
934,1.025060111,RegT,0.4
935,1.024918,RegT,0.4
936,1.024029444,RegT,0.4
937,1.020413667,RegT,0.4
938,1.021094667,RegT,0.4
939,1.021094667,RegT,0.4
940,1.022953111,RegT,0.4
941,1.022953111,RegT,0.4
942,1.023510444,RegT,0.4
943,1.023304778,RegT,0.4
944,1.023304778,RegT,0.4
945,1.023582,RegT,0.4
946,1.023663,RegT,0.4
947,1.024640556,RegT,0.4
948,1.024748778,RegT,0.4
949,1.022577333,RegT,0.4
950,1.259447333,RegT,0.5
951,1.259173889,RegT,0.5
952,1.260234444,RegT,0.5
953,1.261816111,RegT,0.5
954,1.266425556,RegT,0.5
955,1.266425556,RegT,0.5
956,1.268543778,RegT,0.5
957,1.267874556,RegT,0.5
958,1.268505889,RegT,0.5
959,1.269798778,RegT,0.5
960,1.271593778,RegT,0.5
961,1.271593778,RegT,0.5
962,1.270798111,RegT,0.5
963,1.273514333,RegT,0.5
964,1.272712778,RegT,0.5
965,1.272712778,RegT,0.5
966,1.274689111,RegT,0.5
967,1.271907,RegT,0.5
968,1.273321778,RegT,0.5
969,1.272685222,RegT,0.5
970,1.272685222,RegT,0.5
971,1.278625333,RegT,0.5
972,1.277930444,RegT,0.5
973,1.276746444,RegT,0.5
974,1.279159778,RegT,0.5
975,1.279486889,RegT,0.5
976,1.280004778,RegT,0.5
977,1.278646333,RegT,0.5
978,1.278646333,RegT,0.5
979,1.278646333,RegT,0.5
980,1.278646333,RegT,0.5
981,1.278646333,RegT,0.5
982,1.278907444,RegT,0.5
983,1.276658667,RegT,0.5
984,1.277745,RegT,0.5
985,1.277096444,RegT,0.5
986,1.276349556,RegT,0.5
987,1.275607111,RegT,0.5
988,1.279547889,RegT,0.5
989,1.276725333,RegT,0.5
990,1.276195889,RegT,0.5
991,1.276347444,RegT,0.5
992,1.276886667,RegT,0.5
993,1.277201667,RegT,0.5
994,1.281619111,RegT,0.5
995,1.281467889,RegT,0.5
996,1.281009111,RegT,0.5
997,1.280636778,RegT,0.5
998,1.280252333,RegT,0.5
999,1.280098,RegT,0.5
1000,1.472645444,RegT,0.6
1001,1.506337556,RegT,0.6
1002,1.506337556,RegT,0.6
1003,1.515113444,RegT,0.6
1004,1.518001778,RegT,0.6
1005,1.517702333,RegT,0.6
1006,1.527759444,RegT,0.6
1007,1.528588778,RegT,0.6
1008,1.528588778,RegT,0.6
1009,1.530707778,RegT,0.6
1010,1.531297111,RegT,0.6
1011,1.530944889,RegT,0.6
1012,1.530871889,RegT,0.6
1013,1.532696333,RegT,0.6
1014,1.532172889,RegT,0.6
1015,1.532172889,RegT,0.6
1016,1.529991556,RegT,0.6
1017,1.532285667,RegT,0.6
1018,1.536792556,RegT,0.6
1019,1.536792556,RegT,0.6
1020,1.536792556,RegT,0.6
1021,1.534732889,RegT,0.6
1022,1.536278889,RegT,0.6
1023,1.537480111,RegT,0.6
1024,1.536380889,RegT,0.6
1025,1.536082556,RegT,0.6
1026,1.537802222,RegT,0.6
1027,1.537593444,RegT,0.6
1028,1.536197333,RegT,0.6
1029,1.536197333,RegT,0.6
1030,1.536432667,RegT,0.6
1031,1.536647889,RegT,0.6
1032,1.538486889,RegT,0.6
1033,1.536470778,RegT,0.6
1034,1.535354444,RegT,0.6
1035,1.535823889,RegT,0.6
1036,1.536875222,RegT,0.6
1037,1.534213778,RegT,0.6
1038,1.539784,RegT,0.6
1039,1.539128556,RegT,0.6
1040,1.538926889,RegT,0.6
1041,1.538926889,RegT,0.6
1042,1.539435333,RegT,0.6
1043,1.539869333,RegT,0.6
1044,1.540131556,RegT,0.6
1045,1.538705111,RegT,0.6
1046,1.538705111,RegT,0.6
1047,1.537852667,RegT,0.6
1048,1.538164778,RegT,0.6
1049,1.538164778,RegT,0.6
1050,1.736642,RegT,0.7
1051,1.745426778,RegT,0.7
1052,1.747139111,RegT,0.7
1053,1.765590778,RegT,0.7
1054,1.766999,RegT,0.7
1055,1.770181222,RegT,0.7
1056,1.775418778,RegT,0.7
1057,1.780962889,RegT,0.7
1058,1.786089889,RegT,0.7
1059,1.785379222,RegT,0.7
1060,1.785379222,RegT,0.7
1061,1.786521333,RegT,0.7
1062,1.786521333,RegT,0.7
1063,1.789074889,RegT,0.7
1064,1.788855889,RegT,0.7
1065,1.789760889,RegT,0.7
1066,1.795210111,RegT,0.7
1067,1.795223111,RegT,0.7
1068,1.795183444,RegT,0.7
1069,1.795901333,RegT,0.7
1070,1.794923778,RegT,0.7
1071,1.795082556,RegT,0.7
1072,1.795615444,RegT,0.7
1073,1.796971444,RegT,0.7
1074,1.799454889,RegT,0.7
1075,1.800685333,RegT,0.7
1076,1.800685333,RegT,0.7
1077,1.79839,RegT,0.7
1078,1.798511667,RegT,0.7
1079,1.798511667,RegT,0.7
1080,1.791747222,RegT,0.7
1081,1.790520667,RegT,0.7
1082,1.792002333,RegT,0.7
1083,1.792645556,RegT,0.7
1084,1.794853333,RegT,0.7
1085,1.793432667,RegT,0.7
1086,1.791476444,RegT,0.7
1087,1.789318778,RegT,0.7
1088,1.788758556,RegT,0.7
1089,1.789151222,RegT,0.7
1090,1.788788444,RegT,0.7
1091,1.788788444,RegT,0.7
1092,1.788788444,RegT,0.7
1093,1.787919778,RegT,0.7
1094,1.791628667,RegT,0.7
1095,1.794003667,RegT,0.7
1096,1.792575778,RegT,0.7
1097,1.793022222,RegT,0.7
1098,1.793182556,RegT,0.7
1099,1.793182556,RegT,0.7
1100,1.986957111,RegT,0.8
1101,2.018396889,RegT,0.8
1102,2.027288667,RegT,0.8
1103,2.031130556,RegT,0.8
1104,2.037685222,RegT,0.8
1105,2.039986,RegT,0.8
1106,2.039672556,RegT,0.8
1107,2.037015,RegT,0.8
1108,2.038359778,RegT,0.8
1109,2.037926778,RegT,0.8
1110,2.037662889,RegT,0.8
1111,2.039059444,RegT,0.8
1112,2.040949667,RegT,0.8
1113,2.042676667,RegT,0.8
1114,2.042676667,RegT,0.8
1115,2.042241444,RegT,0.8
1116,2.042210444,RegT,0.8
1117,2.045925444,RegT,0.8
1118,2.043759556,RegT,0.8
1119,2.046493778,RegT,0.8
1120,2.047114333,RegT,0.8
1121,2.044969333,RegT,0.8
1122,2.044223,RegT,0.8
1123,2.044223,RegT,0.8
1124,2.044869222,RegT,0.8
1125,2.044769667,RegT,0.8
1126,2.045427667,RegT,0.8
1127,2.045274667,RegT,0.8
1128,2.045095444,RegT,0.8
1129,2.047727444,RegT,0.8
1130,2.047387889,RegT,0.8
1131,2.047387889,RegT,0.8
1132,2.04728,RegT,0.8
1133,2.044830444,RegT,0.8
1134,2.042780778,RegT,0.8
1135,2.045193778,RegT,0.8
1136,2.044526222,RegT,0.8
1137,2.044991778,RegT,0.8
1138,2.044991778,RegT,0.8
1139,2.045682778,RegT,0.8
1140,2.047289889,RegT,0.8
1141,2.048281111,RegT,0.8
1142,2.048281111,RegT,0.8
1143,2.048013333,RegT,0.8
1144,2.049835444,RegT,0.8
1145,2.049835444,RegT,0.8
1146,2.049835444,RegT,0.8
1147,2.046990111,RegT,0.8
1148,2.047957222,RegT,0.8
1149,2.045938889,RegT,0.8
1150,2.217514222,RegT,0.9
1151,2.254405111,RegT,0.9
1152,2.268430333,RegT,0.9
1153,2.274586556,RegT,0.9
1154,2.282233556,RegT,0.9
1155,2.281490889,RegT,0.9
1156,2.281666667,RegT,0.9
1157,2.287813889,RegT,0.9
1158,2.289202,RegT,0.9
1159,2.291285444,RegT,0.9
1160,2.291285444,RegT,0.9
1161,2.294031111,RegT,0.9
1162,2.293783778,RegT,0.9
1163,2.298286667,RegT,0.9
1164,2.299510333,RegT,0.9
1165,2.299311778,RegT,0.9
1166,2.301167333,RegT,0.9
1167,2.301167333,RegT,0.9
1168,2.300817444,RegT,0.9
1169,2.304033444,RegT,0.9
1170,2.304033444,RegT,0.9
1171,2.304892111,RegT,0.9
1172,2.305139333,RegT,0.9
1173,2.303724667,RegT,0.9
1174,2.305860333,RegT,0.9
1175,2.304990889,RegT,0.9
1176,2.301614556,RegT,0.9
1177,2.300402778,RegT,0.9
1178,2.301337778,RegT,0.9
1179,2.301146333,RegT,0.9
1180,2.301146333,RegT,0.9
1181,2.298472778,RegT,0.9
1182,2.297716889,RegT,0.9
1183,2.296785889,RegT,0.9
1184,2.296485333,RegT,0.9
1185,2.297207889,RegT,0.9
1186,2.298200667,RegT,0.9
1187,2.298200667,RegT,0.9
1188,2.297967,RegT,0.9
1189,2.301057889,RegT,0.9
1190,2.299143222,RegT,0.9
1191,2.300876556,RegT,0.9
1192,2.305711556,RegT,0.9
1193,2.303625889,RegT,0.9
1194,2.304720222,RegT,0.9
1195,2.304014778,RegT,0.9
1196,2.300303,RegT,0.9
1197,2.299052333,RegT,0.9
1198,2.298657111,RegT,0.9
1199,2.300540556,RegT,0.9
1200,2.469500889,RegT,1
1201,2.479710222,RegT,1
1202,2.495467111,RegT,1
1203,2.503287111,RegT,1
1204,2.510041111,RegT,1
1205,2.530239889,RegT,1
1206,2.531238333,RegT,1
1207,2.532537,RegT,1
1208,2.533657556,RegT,1
1209,2.537310667,RegT,1
1210,2.537310667,RegT,1
1211,2.537310667,RegT,1
1212,2.539087667,RegT,1
1213,2.537774,RegT,1
1214,2.537774,RegT,1
1215,2.540193333,RegT,1
1216,2.541267333,RegT,1
1217,2.545672556,RegT,1
1218,2.556125889,RegT,1
1219,2.556125889,RegT,1
1220,2.556818556,RegT,1
1221,2.558336111,RegT,1
1222,2.558336111,RegT,1
1223,2.555974778,RegT,1
1224,2.557047444,RegT,1
1225,2.557847,RegT,1
1226,2.558083778,RegT,1
1227,2.557473556,RegT,1
1228,2.558147333,RegT,1
1229,2.557871111,RegT,1
1230,2.557158333,RegT,1
1231,2.554741778,RegT,1
1232,2.553491111,RegT,1
1233,2.553777111,RegT,1
1234,2.552322444,RegT,1
1235,2.552322444,RegT,1
1236,2.554282778,RegT,1
1237,2.551250556,RegT,1
1238,2.550258889,RegT,1
1239,2.549563,RegT,1
1240,2.549670333,RegT,1
1241,2.549231889,RegT,1
1242,2.549231889,RegT,1
1243,2.551468556,RegT,1
1244,2.553668222,RegT,1
1245,2.549891889,RegT,1
1246,2.549891889,RegT,1
1247,2.549697889,RegT,1
1248,2.551404333,RegT,1
1249,2.551894556,RegT,1
1250,,RegT,1.1
1251,,RegT,1.1
1252,,RegT,1.1
1253,,RegT,1.1
1254,,RegT,1.1
1255,,RegT,1.1
1256,,RegT,1.1
1257,,RegT,1.1
1258,,RegT,1.1
1259,,RegT,1.1
1260,,RegT,1.1
1261,,RegT,1.1
1262,,RegT,1.1
1263,,RegT,1.1
1264,,RegT,1.1
1265,,RegT,1.1
1266,,RegT,1.1
1267,,RegT,1.1
1268,,RegT,1.1
1269,,RegT,1.1
1270,,RegT,1.1
1271,,RegT,1.1
1272,,RegT,1.1
1273,,RegT,1.1
1274,,RegT,1.1
1275,,RegT,1.1
1276,,RegT,1.1
1277,,RegT,1.1
1278,,RegT,1.1
1279,,RegT,1.1
1280,,RegT,1.1
1281,,RegT,1.1
1282,,RegT,1.1
1283,,RegT,1.1
1284,,RegT,1.1
1285,,RegT,1.1
1286,,RegT,1.1
1287,,RegT,1.1
1288,,RegT,1.1
1289,,RegT,1.1
1290,,RegT,1.1
1291,,RegT,1.1
1292,,RegT,1.1
1293,,RegT,1.1
1294,,RegT,1.1
1295,,RegT,1.1
1296,,RegT,1.1
1297,,RegT,1.1
1298,,RegT,1.1
1299,,RegT,1.1
1300,,RegT,1.2
1301,,RegT,1.2
1302,,RegT,1.2
1303,,RegT,1.2
1304,,RegT,1.2
1305,,RegT,1.2
1306,,RegT,1.2
1307,,RegT,1.2
1308,,RegT,1.2
1309,,RegT,1.2
1310,,RegT,1.2
1311,,RegT,1.2
1312,,RegT,1.2
1313,,RegT,1.2
1314,,RegT,1.2
1315,,RegT,1.2
1316,,RegT,1.2
1317,,RegT,1.2
1318,,RegT,1.2
1319,,RegT,1.2
1320,,RegT,1.2
1321,,RegT,1.2
1322,,RegT,1.2
1323,,RegT,1.2
1324,,RegT,1.2
1325,,RegT,1.2
1326,,RegT,1.2
1327,,RegT,1.2
1328,,RegT,1.2
1329,,RegT,1.2
1330,,RegT,1.2
1331,,RegT,1.2
1332,,RegT,1.2
1333,,RegT,1.2
1334,,RegT,1.2
1335,,RegT,1.2
1336,,RegT,1.2
1337,,RegT,1.2
1338,,RegT,1.2
1339,,RegT,1.2
1340,,RegT,1.2
1341,,RegT,1.2
1342,,RegT,1.2
1343,,RegT,1.2
1344,,RegT,1.2
1345,,RegT,1.2
1346,,RegT,1.2
1347,,RegT,1.2
1348,,RegT,1.2
1349,,RegT,1.2
1350,,RegT,1.3
1351,,RegT,1.3
1352,,RegT,1.3
1353,,RegT,1.3
1354,,RegT,1.3
1355,,RegT,1.3
1356,,RegT,1.3
1357,,RegT,1.3
1358,,RegT,1.3
1359,,RegT,1.3
1360,,RegT,1.3
1361,,RegT,1.3
1362,,RegT,1.3
1363,,RegT,1.3
1364,,RegT,1.3
1365,,RegT,1.3
1366,,RegT,1.3
1367,,RegT,1.3
1368,,RegT,1.3
1369,,RegT,1.3
1370,,RegT,1.3
1371,,RegT,1.3
1372,,RegT,1.3
1373,,RegT,1.3
1374,,RegT,1.3
1375,,RegT,1.3
1376,,RegT,1.3
1377,,RegT,1.3
1378,,RegT,1.3
1379,,RegT,1.3
1380,,RegT,1.3
1381,,RegT,1.3
1382,,RegT,1.3
1383,,RegT,1.3
1384,,RegT,1.3
1385,,RegT,1.3
1386,,RegT,1.3
1387,,RegT,1.3
1388,,RegT,1.3
1389,,RegT,1.3
1390,,RegT,1.3
1391,,RegT,1.3
1392,,RegT,1.3
1393,,RegT,1.3
1394,,RegT,1.3
1395,,RegT,1.3
1396,,RegT,1.3
1397,,RegT,1.3
1398,,RegT,1.3
1399,,RegT,1.3
1400,,RegT,1.4
1401,,RegT,1.4
1402,,RegT,1.4
1403,,RegT,1.4
1404,,RegT,1.4
1405,,RegT,1.4
1406,,RegT,1.4
1407,,RegT,1.4
1408,,RegT,1.4
1409,,RegT,1.4
1410,,RegT,1.4
1411,,RegT,1.4
1412,,RegT,1.4
1413,,RegT,1.4
1414,,RegT,1.4
1415,,RegT,1.4
1416,,RegT,1.4
1417,,RegT,1.4
1418,,RegT,1.4
1419,,RegT,1.4
1420,,RegT,1.4
1421,,RegT,1.4
1422,,RegT,1.4
1423,,RegT,1.4
1424,,RegT,1.4
1425,,RegT,1.4
1426,,RegT,1.4
1427,,RegT,1.4
1428,,RegT,1.4
1429,,RegT,1.4
1430,,RegT,1.4
1431,,RegT,1.4
1432,,RegT,1.4
1433,,RegT,1.4
1434,,RegT,1.4
1435,,RegT,1.4
1436,,RegT,1.4
1437,,RegT,1.4
1438,,RegT,1.4
1439,,RegT,1.4
1440,,RegT,1.4
1441,,RegT,1.4
1442,,RegT,1.4
1443,,RegT,1.4
1444,,RegT,1.4
1445,,RegT,1.4
1446,,RegT,1.4
1447,,RegT,1.4
1448,,RegT,1.4
1449,,RegT,1.4
1450,,RegT,1.5
1451,,RegT,1.5
1452,,RegT,1.5
1453,,RegT,1.5
1454,,RegT,1.5
1455,,RegT,1.5
1456,,RegT,1.5
1457,,RegT,1.5
1458,,RegT,1.5
1459,,RegT,1.5
1460,,RegT,1.5
1461,,RegT,1.5
1462,,RegT,1.5
1463,,RegT,1.5
1464,,RegT,1.5
1465,,RegT,1.5
1466,,RegT,1.5
1467,,RegT,1.5
1468,,RegT,1.5
1469,,RegT,1.5
1470,,RegT,1.5
1471,,RegT,1.5
1472,,RegT,1.5
1473,,RegT,1.5
1474,,RegT,1.5
1475,,RegT,1.5
1476,,RegT,1.5
1477,,RegT,1.5
1478,,RegT,1.5
1479,,RegT,1.5
1480,,RegT,1.5
1481,,RegT,1.5
1482,,RegT,1.5
1483,,RegT,1.5
1484,,RegT,1.5
1485,,RegT,1.5
1486,,RegT,1.5
1487,,RegT,1.5
1488,,RegT,1.5
1489,,RegT,1.5
1490,,RegT,1.5
1491,,RegT,1.5
1492,,RegT,1.5
1493,,RegT,1.5
1494,,RegT,1.5
1495,,RegT,1.5
1496,,RegT,1.5
1497,,RegT,1.5
1498,,RegT,1.5
1499,,RegT,1.5